
protocol 'jdbc:derby:';
connect 'realestate';

INSERT INTO AGENT_PHOTO (AGENT_ID, PHOTO) VALUES (102 , NULL);
INSERT INTO AGENT_PHOTO (AGENT_ID, PHOTO) VALUES (0 , NULL);
INSERT INTO AGENT_PHOTO (AGENT_ID, PHOTO) VALUES (2 , NULL);
INSERT INTO AGENT_PHOTO (AGENT_ID, PHOTO) VALUES (4 , NULL);

INSERT INTO AGENT_RATING (AGENT_RATING_ID, RATING_ID, SUMMARY, USER_ID) VALUES (4, 2, NULL, 10);
INSERT INTO AGENT_RATING (AGENT_RATING_ID, RATING_ID, SUMMARY, USER_ID) VALUES (2, 3, NULL, 10);
INSERT INTO AGENT_RATING (AGENT_RATING_ID, RATING_ID, SUMMARY, USER_ID) VALUES (3, 4, NULL, 10);

INSERT INTO CONTACT_INFO (CONTACT, CONTACT_ID, CONTACT_TYPE_ID, NOTES, USER_ID) VALUES ('147-852-3690', 2, 1, '9 AM - 5 PM', 3);
INSERT INTO CONTACT_INFO (CONTACT, CONTACT_ID, CONTACT_TYPE_ID, NOTES, USER_ID) VALUES ('rsugg@woexample.com', 6, 5, NULL, 3);
INSERT INTO CONTACT_INFO (CONTACT, CONTACT_ID, CONTACT_TYPE_ID, NOTES, USER_ID) VALUES ('785-236-9014', 8, 6, NULL, 3);
INSERT INTO CONTACT_INFO (CONTACT, CONTACT_ID, CONTACT_TYPE_ID, NOTES, USER_ID) VALUES ('852-369-0147', 9, 4, '9 AM - 5 PM', 7);
INSERT INTO CONTACT_INFO (CONTACT, CONTACT_ID, CONTACT_TYPE_ID, NOTES, USER_ID) VALUES ('parker@woexample.com', 11, 5, NULL, 6);
INSERT INTO CONTACT_INFO (CONTACT, CONTACT_ID, CONTACT_TYPE_ID, NOTES, USER_ID) VALUES ('236-901-4785', 10, 3, '9 AM - 7 PM', 6);
INSERT INTO CONTACT_INFO (CONTACT, CONTACT_ID, CONTACT_TYPE_ID, NOTES, USER_ID) VALUES ('369-014-7852', 12, 6, '10 AM - 3 PM', 10);
INSERT INTO CONTACT_INFO (CONTACT, CONTACT_ID, CONTACT_TYPE_ID, NOTES, USER_ID) VALUES ('fhsu@woexample.com', 13, 5, NULL, 10);
INSERT INTO CONTACT_INFO (CONTACT, CONTACT_ID, CONTACT_TYPE_ID, NOTES, USER_ID) VALUES ('901-478-5236', 14, 6, '7 AM - 3 PM', 39);
INSERT INTO CONTACT_INFO (CONTACT, CONTACT_ID, CONTACT_TYPE_ID, NOTES, USER_ID) VALUES ('357-869-4210', 16, 2, 'office', 39);
INSERT INTO CONTACT_INFO (CONTACT, CONTACT_ID, CONTACT_TYPE_ID, NOTES, USER_ID) VALUES ('poyser@woexample.com', 15, 5, NULL, 39);

INSERT INTO CONTACT_TYPE (CONTACT_TYPE_ID, TYPE) VALUES (3, 'Cell Phone');
INSERT INTO CONTACT_TYPE (CONTACT_TYPE_ID, TYPE) VALUES (5, 'E-Mail');
INSERT INTO CONTACT_TYPE (CONTACT_TYPE_ID, TYPE) VALUES (6, 'Work Phone');
INSERT INTO CONTACT_TYPE (CONTACT_TYPE_ID, TYPE) VALUES (2, 'Fax');
INSERT INTO CONTACT_TYPE (CONTACT_TYPE_ID, TYPE) VALUES (1, 'Home Phone');
INSERT INTO CONTACT_TYPE (CONTACT_TYPE_ID, TYPE) VALUES (4, 'Pager');

INSERT INTO FEATURE (FEATURE, FEATURE_ID) VALUES ('Pool', 3);
INSERT INTO FEATURE (FEATURE, FEATURE_ID) VALUES ('Air Conditioning', 2);
INSERT INTO FEATURE (FEATURE, FEATURE_ID) VALUES ('2 Stories', 4);
INSERT INTO FEATURE (FEATURE, FEATURE_ID) VALUES ('Garage', 1);
INSERT INTO FEATURE (FEATURE, FEATURE_ID) VALUES ('2 Car Garage', 5);

INSERT INTO LISTING (AGENT_ID, ASKING_PRICE, BATHROOMS, BEDROOMS, ISSOLD, LISTING_ID, LISTING_IDENTIFIER, LISTING_TYPE_ID, LOT_SQFT, MOVIE_URL, SELLING_PRICE, SIZE_SQFT, YEAR_BUILT) VALUES (39, 500000.00, 2.500000000, 4.000000000, NULL, 1, 'LN #795550', 1, 4500, NULL, NULL, 1350, 1973);
INSERT INTO LISTING (AGENT_ID, ASKING_PRICE, BATHROOMS, BEDROOMS, ISSOLD, LISTING_ID, LISTING_IDENTIFIER, LISTING_TYPE_ID, LOT_SQFT, MOVIE_URL, SELLING_PRICE, SIZE_SQFT, YEAR_BUILT) VALUES (39, 700000.00, 4.000000000, 4.000000000, NULL, 4, 'LN #796380', 1, 9000, NULL, NULL, 3000, 1992);
INSERT INTO LISTING (AGENT_ID, ASKING_PRICE, BATHROOMS, BEDROOMS, ISSOLD, LISTING_ID, LISTING_IDENTIFIER, LISTING_TYPE_ID, LOT_SQFT, MOVIE_URL, SELLING_PRICE, SIZE_SQFT, YEAR_BUILT) VALUES (6, 300000.00, 1.000000000, 2.000000000, NULL, 5, 'LN #123456', 1, 5000, NULL, NULL, 800, 1943);
INSERT INTO LISTING (AGENT_ID, ASKING_PRICE, BATHROOMS, BEDROOMS, ISSOLD, LISTING_ID, LISTING_IDENTIFIER, LISTING_TYPE_ID, LOT_SQFT, MOVIE_URL, SELLING_PRICE, SIZE_SQFT, YEAR_BUILT) VALUES (6, 300000.00, 2.000000000, 3.000000000, NULL, 6, 'LN #777787', 3, 6000, NULL, NULL, 1400, 1962);
INSERT INTO LISTING (AGENT_ID, ASKING_PRICE, BATHROOMS, BEDROOMS, ISSOLD, LISTING_ID, LISTING_IDENTIFIER, LISTING_TYPE_ID, LOT_SQFT, MOVIE_URL, SELLING_PRICE, SIZE_SQFT, YEAR_BUILT) VALUES (10, 600000.00, 1.000000000, 1.000000000, NULL, 7, 'LN #066380', 2, 4500, NULL, NULL, 820, 1994);
INSERT INTO LISTING (AGENT_ID, ASKING_PRICE, BATHROOMS, BEDROOMS, ISSOLD, LISTING_ID, LISTING_IDENTIFIER, LISTING_TYPE_ID, LOT_SQFT, MOVIE_URL, SELLING_PRICE, SIZE_SQFT, YEAR_BUILT) VALUES (39, 3000000.00, 2.000000000, 4.000000000, NULL, 9, 'LN #162352', 1, 9000, NULL, NULL, 1700, 1977);
INSERT INTO LISTING (AGENT_ID, ASKING_PRICE, BATHROOMS, BEDROOMS, ISSOLD, LISTING_ID, LISTING_IDENTIFIER, LISTING_TYPE_ID, LOT_SQFT, MOVIE_URL, SELLING_PRICE, SIZE_SQFT, YEAR_BUILT) VALUES (6, 355000.00, 1.500000000, 3.000000000, 1, 12, 'LN #642871', 3, 6800, NULL, 362000.00, 1300, 1983);
INSERT INTO LISTING (AGENT_ID, ASKING_PRICE, BATHROOMS, BEDROOMS, ISSOLD, LISTING_ID, LISTING_IDENTIFIER, LISTING_TYPE_ID, LOT_SQFT, MOVIE_URL, SELLING_PRICE, SIZE_SQFT, YEAR_BUILT) VALUES (10, 350000.00, 2.000000000, 3.000000000, 0, 14, 'LN #006736', 3, 5000, NULL, NULL, 1400, 1989);
INSERT INTO LISTING (AGENT_ID, ASKING_PRICE, BATHROOMS, BEDROOMS, ISSOLD, LISTING_ID, LISTING_IDENTIFIER, LISTING_TYPE_ID, LOT_SQFT, MOVIE_URL, SELLING_PRICE, SIZE_SQFT, YEAR_BUILT) VALUES (39, 375000.00, 1.500000000, 3.000000000, 1, 15, 'LN #457874', 1, 6200, NULL, 380000.00, 1500, 1975);
INSERT INTO LISTING (AGENT_ID, ASKING_PRICE, BATHROOMS, BEDROOMS, ISSOLD, LISTING_ID, LISTING_IDENTIFIER, LISTING_TYPE_ID, LOT_SQFT, MOVIE_URL, SELLING_PRICE, SIZE_SQFT, YEAR_BUILT) VALUES (39, 275000.00, 1.000000000, 1.000000000, 0, 16, 'LN #114787', 2, 3000, NULL, NULL, 725, 1988);
INSERT INTO LISTING (AGENT_ID, ASKING_PRICE, BATHROOMS, BEDROOMS, ISSOLD, LISTING_ID, LISTING_IDENTIFIER, LISTING_TYPE_ID, LOT_SQFT, MOVIE_URL, SELLING_PRICE, SIZE_SQFT, YEAR_BUILT) VALUES (10, 550000.00, 2.500000000, 3.000000000, 0, 17, 'LN #754436', 1, 5000, NULL, NULL, 1500, 1972);
INSERT INTO LISTING (AGENT_ID, ASKING_PRICE, BATHROOMS, BEDROOMS, ISSOLD, LISTING_ID, LISTING_IDENTIFIER, LISTING_TYPE_ID, LOT_SQFT, MOVIE_URL, SELLING_PRICE, SIZE_SQFT, YEAR_BUILT) VALUES (10, 620000.00, 2.500000000, 4.000000000, 0, 18, 'LN #882184', 1, 7000, NULL, NULL, 1800, 1978);
INSERT INTO LISTING (AGENT_ID, ASKING_PRICE, BATHROOMS, BEDROOMS, ISSOLD, LISTING_ID, LISTING_IDENTIFIER, LISTING_TYPE_ID, LOT_SQFT, MOVIE_URL, SELLING_PRICE, SIZE_SQFT, YEAR_BUILT) VALUES (6, 400000.00, 2.000000000, 4.000000000, 0, 19, 'LN #479524', 1, 8000, NULL, NULL, 1900, 1982);
INSERT INTO LISTING (AGENT_ID, ASKING_PRICE, BATHROOMS, BEDROOMS, ISSOLD, LISTING_ID, LISTING_IDENTIFIER, LISTING_TYPE_ID, LOT_SQFT, MOVIE_URL, SELLING_PRICE, SIZE_SQFT, YEAR_BUILT) VALUES (10, 650000.00, 1.000000000, 1.000000000, NULL, 21, 'LN #425118', 2, 8400, NULL, NULL, 900, 1994);

INSERT INTO LISTING_ADDRESS (APTNUM, CITY, LISTING_ID, STATE, STREET, ZIP) VALUES (NULL, 'San Jose', 1, 'CA', '2289 Dudiedo Drive', '95132');
INSERT INTO LISTING_ADDRESS (APTNUM, CITY, LISTING_ID, STATE, STREET, ZIP) VALUES (NULL, 'Cupertino', 4, 'CA', '7 Infinite Loop', '95130');
INSERT INTO LISTING_ADDRESS (APTNUM, CITY, LISTING_ID, STATE, STREET, ZIP) VALUES (NULL, 'Santa Clara', 5, 'CA', '123 Lucky Drive', '95131');
INSERT INTO LISTING_ADDRESS (APTNUM, CITY, LISTING_ID, STATE, STREET, ZIP) VALUES (NULL, 'Sunnyvale', 6, 'CA', '1234 Evelyn Ave', '95132');
INSERT INTO LISTING_ADDRESS (APTNUM, CITY, LISTING_ID, STATE, STREET, ZIP) VALUES ('287', 'Palo Alto', 7, 'CA', '124 Florence Ave', '95133');
INSERT INTO LISTING_ADDRESS (APTNUM, CITY, LISTING_ID, STATE, STREET, ZIP) VALUES (NULL, 'Tracy', 9, 'CA', '127 Everyone St', '94111');
INSERT INTO LISTING_ADDRESS (APTNUM, CITY, LISTING_ID, STATE, STREET, ZIP) VALUES (NULL, 'Mountain View', 12, 'CA', '772 California Ave', '95134');
INSERT INTO LISTING_ADDRESS (APTNUM, CITY, LISTING_ID, STATE, STREET, ZIP) VALUES (NULL, 'Cupertino', 14, 'CA', '17 Turin Dr', '95014');
INSERT INTO LISTING_ADDRESS (APTNUM, CITY, LISTING_ID, STATE, STREET, ZIP) VALUES ('34', 'San Jose', 15, 'CA', '47 Calabazas Ave', '95015');
INSERT INTO LISTING_ADDRESS (APTNUM, CITY, LISTING_ID, STATE, STREET, ZIP) VALUES ('105', 'Sunnyvale', 16, 'CA', '65 Evergreen Terrace', '95011');
INSERT INTO LISTING_ADDRESS (APTNUM, CITY, LISTING_ID, STATE, STREET, ZIP) VALUES (NULL, 'Cupertino', 17, 'CA', '62 Renoit Dr', '95014');
INSERT INTO LISTING_ADDRESS (APTNUM, CITY, LISTING_ID, STATE, STREET, ZIP) VALUES (NULL, 'Cupertino', 18, 'CA', '77 Abercrombie Ave', '95014');
INSERT INTO LISTING_ADDRESS (APTNUM, CITY, LISTING_ID, STATE, STREET, ZIP) VALUES (NULL, 'San Jose', 19, 'CA', '11 Bernal Ave', '95019');
INSERT INTO LISTING_ADDRESS (APTNUM, CITY, LISTING_ID, STATE, STREET, ZIP) VALUES ('288', 'Palo Alto', 21, 'CA', '124 Florence Ave', '95133');

INSERT INTO LISTING_FEATURE (FEATURE_ID, LISTING_ID) VALUES (2, 1);
INSERT INTO LISTING_FEATURE (FEATURE_ID, LISTING_ID) VALUES (5, 1);
INSERT INTO LISTING_FEATURE (FEATURE_ID, LISTING_ID) VALUES (1, 5);
INSERT INTO LISTING_FEATURE (FEATURE_ID, LISTING_ID) VALUES (4, 6);
INSERT INTO LISTING_FEATURE (FEATURE_ID, LISTING_ID) VALUES (2, 7);
INSERT INTO LISTING_FEATURE (FEATURE_ID, LISTING_ID) VALUES (3, 7);
INSERT INTO LISTING_FEATURE (FEATURE_ID, LISTING_ID) VALUES (5, 9);
INSERT INTO LISTING_FEATURE (FEATURE_ID, LISTING_ID) VALUES (2, 12);
INSERT INTO LISTING_FEATURE (FEATURE_ID, LISTING_ID) VALUES (4, 14);
INSERT INTO LISTING_FEATURE (FEATURE_ID, LISTING_ID) VALUES (2, 14);
INSERT INTO LISTING_FEATURE (FEATURE_ID, LISTING_ID) VALUES (1, 15);
INSERT INTO LISTING_FEATURE (FEATURE_ID, LISTING_ID) VALUES (3, 16);
INSERT INTO LISTING_FEATURE (FEATURE_ID, LISTING_ID) VALUES (2, 16);
INSERT INTO LISTING_FEATURE (FEATURE_ID, LISTING_ID) VALUES (5, 17);
INSERT INTO LISTING_FEATURE (FEATURE_ID, LISTING_ID) VALUES (1, 18);
INSERT INTO LISTING_FEATURE (FEATURE_ID, LISTING_ID) VALUES (3, 19);
INSERT INTO LISTING_FEATURE (FEATURE_ID, LISTING_ID) VALUES (5, 19);
INSERT INTO LISTING_FEATURE (FEATURE_ID, LISTING_ID) VALUES (3, 21);
INSERT INTO LISTING_FEATURE (FEATURE_ID, LISTING_ID) VALUES (2, 21);


INSERT INTO LISTING_TYPE (LISTING_TYPE, LISTING_TYPE_ID) VALUES ('Town House', 3);
INSERT INTO LISTING_TYPE (LISTING_TYPE, LISTING_TYPE_ID) VALUES ('Condo', 2);
INSERT INTO LISTING_TYPE (LISTING_TYPE, LISTING_TYPE_ID) VALUES ('Single Family Residence', 1);

INSERT INTO RATING (RATING, RATING_DESCRIPTION, RATING_ID) VALUES (1, '1 - Great', 3);
INSERT INTO RATING (RATING, RATING_DESCRIPTION, RATING_ID) VALUES (2, '2 - Good', 2);
INSERT INTO RATING (RATING, RATING_DESCRIPTION, RATING_ID) VALUES (3, '3 - Poor', 4);
INSERT INTO RATING (RATING, RATING_DESCRIPTION, RATING_ID) VALUES (4, '4 - No Sell', 1);

INSERT INTO SUGGESTIONS (CUSTOMER_ID, LISTING_ID) VALUES (3, 1);
INSERT INTO SUGGESTIONS (CUSTOMER_ID, LISTING_ID) VALUES (38, 14);
INSERT INTO SUGGESTIONS (CUSTOMER_ID, LISTING_ID) VALUES (36, 14);
INSERT INTO SUGGESTIONS (CUSTOMER_ID, LISTING_ID) VALUES (30, 14);
INSERT INTO SUGGESTIONS (CUSTOMER_ID, LISTING_ID) VALUES (34, 7);
INSERT INTO SUGGESTIONS (CUSTOMER_ID, LISTING_ID) VALUES (27, 7);
INSERT INTO SUGGESTIONS (CUSTOMER_ID, LISTING_ID) VALUES (34, 16);
INSERT INTO SUGGESTIONS (CUSTOMER_ID, LISTING_ID) VALUES (19, 16);
INSERT INTO SUGGESTIONS (CUSTOMER_ID, LISTING_ID) VALUES (31, 16);
INSERT INTO SUGGESTIONS (CUSTOMER_ID, LISTING_ID) VALUES (3, 5);
INSERT INTO SUGGESTIONS (CUSTOMER_ID, LISTING_ID) VALUES (12, 5);
INSERT INTO SUGGESTIONS (CUSTOMER_ID, LISTING_ID) VALUES (14, 5);
INSERT INTO SUGGESTIONS (CUSTOMER_ID, LISTING_ID) VALUES (8, 9);
INSERT INTO SUGGESTIONS (CUSTOMER_ID, LISTING_ID) VALUES (3, 9);
INSERT INTO SUGGESTIONS (CUSTOMER_ID, LISTING_ID) VALUES (28, 9);
INSERT INTO SUGGESTIONS (CUSTOMER_ID, LISTING_ID) VALUES (16, 21);
INSERT INTO SUGGESTIONS (CUSTOMER_ID, LISTING_ID) VALUES (23, 21);
INSERT INTO SUGGESTIONS (CUSTOMER_ID, LISTING_ID) VALUES (27, 21);
INSERT INTO SUGGESTIONS (CUSTOMER_ID, LISTING_ID) VALUES (15, 15);
INSERT INTO SUGGESTIONS (CUSTOMER_ID, LISTING_ID) VALUES (18, 15);
INSERT INTO SUGGESTIONS (CUSTOMER_ID, LISTING_ID) VALUES (21, 15);
INSERT INTO SUGGESTIONS (CUSTOMER_ID, LISTING_ID) VALUES (32, 19);
INSERT INTO SUGGESTIONS (CUSTOMER_ID, LISTING_ID) VALUES (26, 19);
INSERT INTO SUGGESTIONS (CUSTOMER_ID, LISTING_ID) VALUES (34, 19);
INSERT INTO SUGGESTIONS (CUSTOMER_ID, LISTING_ID) VALUES (18, 19);
INSERT INTO SUGGESTIONS (CUSTOMER_ID, LISTING_ID) VALUES (15, 19);
INSERT INTO SUGGESTIONS (CUSTOMER_ID, LISTING_ID) VALUES (30, 19);
INSERT INTO SUGGESTIONS (CUSTOMER_ID, LISTING_ID) VALUES (33, 12);
INSERT INTO SUGGESTIONS (CUSTOMER_ID, LISTING_ID) VALUES (8, 12);
INSERT INTO SUGGESTIONS (CUSTOMER_ID, LISTING_ID) VALUES (32, 12);
INSERT INTO SUGGESTIONS (CUSTOMER_ID, LISTING_ID) VALUES (12, 12);
INSERT INTO SUGGESTIONS (CUSTOMER_ID, LISTING_ID) VALUES (3, 12);
INSERT INTO SUGGESTIONS (CUSTOMER_ID, LISTING_ID) VALUES (25, 17);
INSERT INTO SUGGESTIONS (CUSTOMER_ID, LISTING_ID) VALUES (29, 17);
INSERT INTO SUGGESTIONS (CUSTOMER_ID, LISTING_ID) VALUES (35, 17);
INSERT INTO SUGGESTIONS (CUSTOMER_ID, LISTING_ID) VALUES (28, 17);
INSERT INTO SUGGESTIONS (CUSTOMER_ID, LISTING_ID) VALUES (24, 17);
INSERT INTO SUGGESTIONS (CUSTOMER_ID, LISTING_ID) VALUES (36, 6);
INSERT INTO SUGGESTIONS (CUSTOMER_ID, LISTING_ID) VALUES (14, 1);
INSERT INTO SUGGESTIONS (CUSTOMER_ID, LISTING_ID) VALUES (36, 4);
INSERT INTO SUGGESTIONS (CUSTOMER_ID, LISTING_ID) VALUES (38, 4);
INSERT INTO SUGGESTIONS (CUSTOMER_ID, LISTING_ID) VALUES (28, 4);
INSERT INTO SUGGESTIONS (CUSTOMER_ID, LISTING_ID) VALUES (33, 4);
INSERT INTO SUGGESTIONS (CUSTOMER_ID, LISTING_ID) VALUES (12, 4);
INSERT INTO SUGGESTIONS (CUSTOMER_ID, LISTING_ID) VALUES (29, 4);
INSERT INTO SUGGESTIONS (CUSTOMER_ID, LISTING_ID) VALUES (13, 4);
INSERT INTO SUGGESTIONS (CUSTOMER_ID, LISTING_ID) VALUES (14, 4);
INSERT INTO SUGGESTIONS (CUSTOMER_ID, LISTING_ID) VALUES (3, 4);
INSERT INTO SUGGESTIONS (CUSTOMER_ID, LISTING_ID) VALUES (15, 18);
INSERT INTO SUGGESTIONS (CUSTOMER_ID, LISTING_ID) VALUES (21, 18);
INSERT INTO SUGGESTIONS (CUSTOMER_ID, LISTING_ID) VALUES (19, 18);
INSERT INTO SUGGESTIONS (CUSTOMER_ID, LISTING_ID) VALUES (16, 18);
INSERT INTO SUGGESTIONS (CUSTOMER_ID, LISTING_ID) VALUES (17, 18);
INSERT INTO SUGGESTIONS (CUSTOMER_ID, LISTING_ID) VALUES (11, 18);
INSERT INTO SUGGESTIONS (CUSTOMER_ID, LISTING_ID) VALUES (26, 18);
INSERT INTO SUGGESTIONS (CUSTOMER_ID, LISTING_ID) VALUES (27, 18);
INSERT INTO SUGGESTIONS (CUSTOMER_ID, LISTING_ID) VALUES (22, 18 );

INSERT INTO USERS (AGENT_ID, FIRST_NAME, LAST_NAME, LOGIN, PASSWORD, USER_ID, USER_TYPE) VALUES (6, 'Adam', 'Parker', 'apark', 'parker', 3, 2);
INSERT INTO USERS (AGENT_ID, FIRST_NAME, LAST_NAME, LOGIN, PASSWORD, USER_ID, USER_TYPE) VALUES (NULL, 'Seth', 'Basset', 'sbass', 'basset', 6, 1);
INSERT INTO USERS (AGENT_ID, FIRST_NAME, LAST_NAME, LOGIN, PASSWORD, USER_ID, USER_TYPE) VALUES (NULL, 'Lisbeth', 'Byng', 'lbyng', 'byng', 7, 9);
INSERT INTO USERS (AGENT_ID, FIRST_NAME, LAST_NAME, LOGIN, PASSWORD, USER_ID, USER_TYPE) VALUES (39, 'Martin', 'Smith', 'msmit', 'smith', 8, 2);
INSERT INTO USERS (AGENT_ID, FIRST_NAME, LAST_NAME, LOGIN, PASSWORD, USER_ID, USER_TYPE) VALUES (6, 'Arthur', 'Jackson', 'ajack', 'jackson', 9, 2);
INSERT INTO USERS (AGENT_ID, FIRST_NAME, LAST_NAME, LOGIN, PASSWORD, USER_ID, USER_TYPE) VALUES (NULL, 'Dinah', 'Travers', 'dtrav', 'travers', 10, 1);
INSERT INTO USERS (AGENT_ID, FIRST_NAME, LAST_NAME, LOGIN, PASSWORD, USER_ID, USER_TYPE) VALUES (6, 'Hester', 'Stoker', 'hstok', 'stoker', 11, 2);
INSERT INTO USERS (AGENT_ID, FIRST_NAME, LAST_NAME, LOGIN, PASSWORD, USER_ID, USER_TYPE) VALUES (6, 'Judith', 'Bunter', 'jbunt', 'bunter', 12, 2);
INSERT INTO USERS (AGENT_ID, FIRST_NAME, LAST_NAME, LOGIN, PASSWORD, USER_ID, USER_TYPE) VALUES (39, 'Flora', 'Hsu', 'fhsu', 'hsu', 13, 2);
INSERT INTO USERS (AGENT_ID, FIRST_NAME, LAST_NAME, LOGIN, PASSWORD, USER_ID, USER_TYPE) VALUES (10, 'Miriam', 'Purvis', 'mpurv', 'purvis', 14, 2);
INSERT INTO USERS (AGENT_ID, FIRST_NAME, LAST_NAME, LOGIN, PASSWORD, USER_ID, USER_TYPE) VALUES (6, 'Mary', 'Miller', 'mmill', 'miller', 15, 2);
INSERT INTO USERS (AGENT_ID, FIRST_NAME, LAST_NAME, LOGIN, PASSWORD, USER_ID, USER_TYPE) VALUES (6, 'Reuben', 'Turner', 'rturn', 'turner', 16, 2);
INSERT INTO USERS (AGENT_ID, FIRST_NAME, LAST_NAME, LOGIN, PASSWORD, USER_ID, USER_TYPE) VALUES (39, 'Ada', 'Fells', 'afell', 'fells', 17, 2);
INSERT INTO USERS (AGENT_ID, FIRST_NAME, LAST_NAME, LOGIN, PASSWORD, USER_ID, USER_TYPE) VALUES (39, 'Micah', 'Johnson', 'mjohn', 'johnson', 18, 2);
INSERT INTO USERS (AGENT_ID, FIRST_NAME, LAST_NAME, LOGIN, PASSWORD, USER_ID, USER_TYPE) VALUES (39, 'Ezra', 'Peale', 'epeal', 'peale', 19, 2);
INSERT INTO USERS (AGENT_ID, FIRST_NAME, LAST_NAME, LOGIN, PASSWORD, USER_ID, USER_TYPE) VALUES (6, 'Ronald', 'Daly', 'rdaly', 'daly', 20, 2);
INSERT INTO USERS (AGENT_ID, FIRST_NAME, LAST_NAME, LOGIN, PASSWORD, USER_ID, USER_TYPE) VALUES (39, 'Eustace', 'Locke', 'elock', 'locke', 21, 2);
INSERT INTO USERS (AGENT_ID, FIRST_NAME, LAST_NAME, LOGIN, PASSWORD, USER_ID, USER_TYPE) VALUES (10, 'Mike', 'Trumbull', 'mtrum', 'trumbull', 22, 2);
INSERT INTO USERS (AGENT_ID, FIRST_NAME, LAST_NAME, LOGIN, PASSWORD, USER_ID, USER_TYPE) VALUES (39, 'Bertram', 'Waverley', 'bwave', 'waverley', 23, 2);
INSERT INTO USERS (AGENT_ID, FIRST_NAME, LAST_NAME, LOGIN, PASSWORD, USER_ID, USER_TYPE) VALUES (6, 'Reginald', 'Sugg', 'rsugg', 'sugg', 24, 2);
INSERT INTO USERS (AGENT_ID, FIRST_NAME, LAST_NAME, LOGIN, PASSWORD, USER_ID, USER_TYPE) VALUES (39, 'Dahlia', 'Perry', 'dperr', 'perry', 25, 2);
INSERT INTO USERS (AGENT_ID, FIRST_NAME, LAST_NAME, LOGIN, PASSWORD, USER_ID, USER_TYPE) VALUES (10, 'Thomas', 'Poyser', 'tpoys', 'poyser', 26, 2);
INSERT INTO USERS (AGENT_ID, FIRST_NAME, LAST_NAME, LOGIN, PASSWORD, USER_ID, USER_TYPE) VALUES (10, 'Agatha', 'Sanchez', 'asanc', 'sanchez', 27, 2);
INSERT INTO USERS (AGENT_ID, FIRST_NAME, LAST_NAME, LOGIN, PASSWORD, USER_ID, USER_TYPE) VALUES (39, 'Florence', 'Bede', 'fbede', 'bede', 28, 2);
INSERT INTO USERS (AGENT_ID, FIRST_NAME, LAST_NAME, LOGIN, PASSWORD, USER_ID, USER_TYPE) VALUES (6, 'Bobbi', 'Benkins', 'bbenk', 'benkins', 29, 2);
INSERT INTO USERS (AGENT_ID, FIRST_NAME, LAST_NAME, LOGIN, PASSWORD, USER_ID, USER_TYPE) VALUES (10, 'Madeleine', 'Blair', 'mblai', 'blair', 30, 2);
INSERT INTO USERS (AGENT_ID, FIRST_NAME, LAST_NAME, LOGIN, PASSWORD, USER_ID, USER_TYPE) VALUES (10, 'Augustus', 'Moore', 'amoor', 'moore', 31, 2);
INSERT INTO USERS (AGENT_ID, FIRST_NAME, LAST_NAME, LOGIN, PASSWORD, USER_ID, USER_TYPE) VALUES (39, 'Honoria', 'Simpson', 'hsimp', 'simpson', 32, 2);
INSERT INTO USERS (AGENT_ID, FIRST_NAME, LAST_NAME, LOGIN, PASSWORD, USER_ID, USER_TYPE) VALUES (10, 'Pauline', 'Morris', 'pmorr', 'morris', 33, 2);
INSERT INTO USERS (AGENT_ID, FIRST_NAME, LAST_NAME, LOGIN, PASSWORD, USER_ID, USER_TYPE) VALUES (10, 'Richard', 'Chang', 'rchan', 'chang', 34, 2);
INSERT INTO USERS (AGENT_ID, FIRST_NAME, LAST_NAME, LOGIN, PASSWORD, USER_ID, USER_TYPE) VALUES (39, 'Oliver', 'Bond', 'obond', 'bond', 35, 2);
INSERT INTO USERS (AGENT_ID, FIRST_NAME, LAST_NAME, LOGIN, PASSWORD, USER_ID, USER_TYPE) VALUES (39, 'Peter', 'Campbell', 'pcamp', 'campbell', 36, 2);
INSERT INTO USERS (AGENT_ID, FIRST_NAME, LAST_NAME, LOGIN, PASSWORD, USER_ID, USER_TYPE) VALUES (39, 'Marvin', 'Graham', 'mgrah', 'graham', 38, 2);
INSERT INTO USERS (AGENT_ID, FIRST_NAME, LAST_NAME, LOGIN, PASSWORD, USER_ID, USER_TYPE) VALUES (NULL, 'Charles', 'Chesterton', 'cches', 'chesterton', 39, 1);
INSERT INTO USERS (AGENT_ID, FIRST_NAME, LAST_NAME, LOGIN, PASSWORD, USER_ID, USER_TYPE) VALUES (NULL, 'Admin', 'Admin', 'woadmin', 'woadmin', 101, 9);
INSERT INTO USERS (AGENT_ID, FIRST_NAME, LAST_NAME, LOGIN, PASSWORD, USER_ID, USER_TYPE) VALUES (NULL, 'Agent', 'Agent', 'woagent', 'woagent', 102, 1);
INSERT INTO USERS (AGENT_ID, FIRST_NAME, LAST_NAME, LOGIN, PASSWORD, USER_ID, USER_TYPE) VALUES (102, 'Customer', 'Customer', 'wocustomer', 'wocustomer', 103, 2);

INSERT INTO USER_DEFAULTS (USER_DEFAULTS, USER_DEFAULTS_ID, USER_ID) VALUES (NULL, 1, 101);

